pronunciation_key,verified_name,suggested_file,content_references
a la fiesta scene,a la fiesta scene,audio/voz/vocabulario/a-la-fiesta-scene.mp3,Flip Chart 50 / production content
abanico,abanico,audio/voz/vocabulario/abanico.mp3,Flip Chart 5 / production content; Workbook 1 / p1-grid; Workbook 13 / p13-grid; Workbook 7 / p7-grid
abeja,abeja,audio/voz/vocabulario/abeja.mp3,Workbook 1 / p1-grid; Workbook 10 / p10-grid; Workbook 11 / p11-match; Workbook 14 / p14-match; Workbook 16 / p16-grid; Workbook 7 / p7-grid; Workbook 8 / p8-match
abejas z,abejas z,audio/voz/vocabulario/abejas-z.mp3,Flip Chart 60 / production content
abrigo,abrigo,audio/voz/vocabulario/abrigo.mp3,Workbook 1 / p1-grid; Workbook 11 / p11-match
aguja,aguja,audio/voz/vocabulario/aguja.mp3,Workbook 10 / p10-grid; Workbook 7 / p7-grid; Workbook 8 / p8-match
ajo,ajo,audio/voz/vocabulario/ajo.mp3,Flip Chart 51 / production content
ala,ala,audio/voz/vocabulario/ala.mp3,Flip Chart 5 / production content
alas,alas,audio/voz/vocabulario/alas.mp3,Workbook 13 / p13-grid; Workbook 4 / p4-grid; Workbook 5 / p5-match; Workbook 7 / p7-grid; Workbook 8 / p8-match
amo,amo,audio/voz/vocabulario/amo.mp3,Flip Chart 9 / production content
ana,Ana,audio/voz/vocabulario/ana.mp3,Flip Chart 5 / production content
anillo,anillo,audio/voz/vocabulario/anillo.mp3,Flip Chart 5 / production content; Workbook 2 / p2-rows
araña,araña,audio/voz/vocabulario/araña.mp3,Flip Chart 5 / production content; Workbook 3 / p3-pairs; Workbook 4 / p4-grid
ardilla,ardilla,audio/voz/vocabulario/ardilla.mp3,Workbook 7 / p7-grid
aro,aro,audio/voz/vocabulario/aro.mp3,Flip Chart 5 / production content; Workbook 1 / p1-grid; Workbook 7 / p7-grid; Workbook 8 / p8-match
arre caballito,arre caballito,audio/voz/vocabulario/arre-caballito.mp3,Flip Chart 4 / production content
avión,avión,audio/voz/vocabulario/avión.mp3,Flip Chart 3 / production content; Workbook 1 / p1-grid; Workbook 13 / p13-grid; Workbook 16 / p16-grid; Workbook 7 / p7-grid; Workbook 8 / p8-match
barril,barril,audio/voz/vocabulario/barril.mp3,Flip Chart 42 / production content; Verified faithful-art content
bate,bate,audio/voz/vocabulario/bate.mp3,Flip Chart 33 / production content
beba,Beba,audio/voz/vocabulario/beba.mp3,Flip Chart 33 / production content
bebita,bebita,audio/voz/vocabulario/bebita.mp3,Flip Chart 33 / production content
bebé,bebé,audio/voz/vocabulario/bebé.mp3,Verified faithful-art content
bota,bota,audio/voz/vocabulario/bota.mp3,Flip Chart 33 / production content; Verified faithful-art content
brujita,brujita,audio/voz/vocabulario/brujita.mp3,Flip Chart 8 / production content
bubi,Bubi,audio/voz/vocabulario/bubi.mp3,Flip Chart 33 / production content
burro,burro,audio/voz/vocabulario/burro.mp3,Flip Chart 42 / production content; Verified faithful-art content
burro b,burro b,audio/voz/vocabulario/burro-b.mp3,Flip Chart 33 / production content
campana d,campana d,audio/voz/vocabulario/campana-d.mp3,Flip Chart 21 / production content
carro,carro,audio/voz/vocabulario/carro.mp3,Workbook 2 / p2-rows
carro calabaza scene,carro calabaza scene,audio/voz/vocabulario/carro-calabaza-scene.mp3,Flip Chart 62 / production content
carro rr,carro rr,audio/voz/vocabulario/carro-rr.mp3,Flip Chart 42 / production content
carrusel,carrusel,audio/voz/vocabulario/carrusel.mp3,Flip Chart 42 / production content; Verified faithful-art content
casa,casa,audio/voz/vocabulario/casa.mp3,Flip Chart 54 / production content; Workbook 2 / p2-rows
catalina,Catalina,audio/voz/vocabulario/catalina.mp3,Flip Chart 54 / production content; Verified faithful-art content
conejo,conejo,audio/voz/vocabulario/conejo.mp3,Flip Chart 54 / production content; Verified faithful-art content
cubo,cubo,audio/voz/vocabulario/cubo.mp3,Flip Chart 54 / production content; Verified faithful-art content
cuna,cuna,audio/voz/vocabulario/cuna.mp3,Flip Chart 54 / production content; Verified faithful-art content
dado,dado,audio/voz/vocabulario/dado.mp3,Verified faithful-art content
dados,dados,audio/voz/vocabulario/dados.mp3,Flip Chart 21 / production content
dedo,dedo,audio/voz/vocabulario/dedo.mp3,Flip Chart 21 / production content
didi,Didi,audio/voz/vocabulario/didi.mp3,Flip Chart 21 / production content
doce,doce,audio/voz/vocabulario/doce.mp3,Flip Chart 21 / production content
dulce,dulce,audio/voz/vocabulario/dulce.mp3,Workbook 2 / p2-rows
dunia,Dunia,audio/voz/vocabulario/dunia.mp3,Flip Chart 21 / production content
elefante,elefante,audio/voz/vocabulario/elefante.mp3,Flip Chart 6 / production content; Workbook 1 / p1-grid; Workbook 10 / p10-grid; Workbook 11 / p11-match; Workbook 16 / p16-grid; Workbook 7 / p7-grid
ema,Ema,audio/voz/vocabulario/ema.mp3,Flip Chart 6 / production content
erizo,erizo,audio/voz/vocabulario/erizo.mp3,Flip Chart 6 / production content; Workbook 10 / p10-grid; Workbook 11 / p11-match
escalera,escalera,audio/voz/vocabulario/escalera.mp3,Flip Chart 6 / production content; Workbook 1 / p1-grid; Workbook 10 / p10-grid; Workbook 11 / p11-match
escoba,escoba,audio/voz/vocabulario/escoba.mp3,Flip Chart 3 / production content; Workbook 10 / p10-grid; Workbook 3 / p3-pairs
escuela,escuela,audio/voz/vocabulario/escuela.mp3,Workbook 1 / p1-grid; Workbook 10 / p10-grid
espejo,espejo,audio/voz/vocabulario/espejo.mp3,Flip Chart 6 / production content; Workbook 10 / p10-grid
estrella,estrella,audio/voz/vocabulario/estrella.mp3,Flip Chart 6 / production content; Workbook 10 / p10-grid; Workbook 11 / p11-match; Workbook 16 / p16-grid; Workbook 17 / p17-match; Workbook 2 / p2-rows; Workbook 7 / p7-grid
familia,familia,audio/voz/vocabulario/familia.mp3,Flip Chart 48 / production content; Verified faithful-art content
felo,Felo,audio/voz/vocabulario/felo.mp3,Flip Chart 48 / production content; Verified faithful-art content
fideos,fideos,audio/voz/vocabulario/fideos.mp3,Flip Chart 48 / production content; Verified faithful-art content
fiesta,fiesta,audio/voz/vocabulario/fiesta.mp3,Verified faithful-art content
flor abeja f,flor abeja f,audio/voz/vocabulario/flor-abeja-f.mp3,Flip Chart 48 / production content
foto,foto,audio/voz/vocabulario/foto.mp3,Flip Chart 48 / production content; Verified faithful-art content
funda,funda,audio/voz/vocabulario/funda.mp3,Flip Chart 48 / production content; Verified faithful-art content
gallina c,gallina c,audio/voz/vocabulario/gallina-c.mp3,Flip Chart 54 / production content
gato,gato,audio/voz/vocabulario/gato.mp3,Verified faithful-art content
gato enamorado scene,gato enamorado scene,audio/voz/vocabulario/gato-enamorado-scene.mp3,Flip Chart 47 / production content
gaveta,gaveta,audio/voz/vocabulario/gaveta.mp3,Flip Chart 45 / production content; Verified faithful-art content
globo,globo,audio/voz/vocabulario/globo.mp3,Workbook 2 / p2-rows
goloso,Goloso,audio/voz/vocabulario/goloso.mp3,Flip Chart 45 / production content; Verified faithful-art content
gorra,gorra,audio/voz/vocabulario/gorra.mp3,Flip Chart 45 / production content; Verified faithful-art content
gusano,gusano,audio/voz/vocabulario/gusano.mp3,Flip Chart 45 / production content; Verified faithful-art content
hermanitas vocales,hermanitas vocales,audio/voz/vocabulario/hermanitas-vocales.mp3,Flip Chart 3 / production content
iglesia,iglesia,audio/voz/vocabulario/iglesia.mp3,Workbook 3 / p3-pairs
iglú,iglú,audio/voz/vocabulario/iglú.mp3,Flip Chart 7 / production content; Workbook 10 / p10-grid; Workbook 13 / p13-grid; Workbook 14 / p14-match; Workbook 4 / p4-grid; Workbook 5 / p5-match; Workbook 8 / p8-match
igual,igual,audio/voz/vocabulario/igual.mp3,Workbook 13 / p13-grid; Workbook 14 / p14-match
iguana,iguana,audio/voz/vocabulario/iguana.mp3,Workbook 13 / p13-grid; Workbook 14 / p14-match
imán,imán,audio/voz/vocabulario/imán.mp3,Flip Chart 3 / production content; Flip Chart 7 / production content; Workbook 1 / p1-grid; Workbook 13 / p13-grid; Workbook 14 / p14-match; Workbook 17 / p17-match; Workbook 7 / p7-grid
indio,indio,audio/voz/vocabulario/indio.mp3,Flip Chart 7 / production content; Workbook 10 / p10-grid; Workbook 13 / p13-grid; Workbook 14 / p14-match; Workbook 2 / p2-rows
insecto,insecto,audio/voz/vocabulario/insecto.mp3,Flip Chart 7 / production content; Workbook 13 / p13-grid; Workbook 16 / p16-grid
invierno,invierno,audio/voz/vocabulario/invierno.mp3,Workbook 13 / p13-grid
irma,Irma,audio/voz/vocabulario/irma.mp3,Flip Chart 7 / production content
isla,isla,audio/voz/vocabulario/isla.mp3,Flip Chart 7 / production content; Workbook 1 / p1-grid; Workbook 13 / p13-grid
jarra,jarra,audio/voz/vocabulario/jarra.mp3,Flip Chart 51 / production content; Verified faithful-art content
jesús,Jesús,audio/voz/vocabulario/jesús.mp3,Flip Chart 51 / production content; Verified faithful-art content
jicotea,jicotea,audio/voz/vocabulario/jicotea.mp3,Flip Chart 51 / production content; Verified faithful-art content
jicotea jabela scene,jicotea jabela scene,audio/voz/vocabulario/jicotea-jabela-scene.mp3,Flip Chart 53 / production content
jirafa,jirafa,audio/voz/vocabulario/jirafa.mp3,Verified faithful-art content
jirafa j,jirafa j,audio/voz/vocabulario/jirafa-j.mp3,Flip Chart 51 / production content
jugo,jugo,audio/voz/vocabulario/jugo.mp3,Flip Chart 51 / production content; Verified faithful-art content
lala,Lala,audio/voz/vocabulario/lala.mp3,Flip Chart 24 / production content
lata,lata,audio/voz/vocabulario/lata.mp3,Flip Chart 24 / production content
leo lee gretel scene,leo lee gretel scene,audio/voz/vocabulario/leo-lee-gretel-scene.mp3,Flip Chart 26 / production content
libro,libro,audio/voz/vocabulario/libro.mp3,Workbook 2 / p2-rows
loma,loma,audio/voz/vocabulario/loma.mp3,Flip Chart 24 / production content
los caramelos scene,los caramelos scene,audio/voz/vocabulario/los-caramelos-scene.mp3,Flip Chart 56 / production content
luli,Luli,audio/voz/vocabulario/luli.mp3,Flip Chart 24 / production content
made y papa scene,made y papa scene,audio/voz/vocabulario/made-y-papa-scene.mp3,Flip Chart 23 / production content
mago,mago,audio/voz/vocabulario/mago.mp3,Flip Chart 45 / production content; Verified faithful-art content
maleta,maleta,audio/voz/vocabulario/maleta.mp3,Flip Chart 24 / production content
mamá,mamá,audio/voz/vocabulario/mamá.mp3,Flip Chart 9 / production content; Verified faithful-art content
manzana,manzana,audio/voz/vocabulario/manzana.mp3,Workbook 2 / p2-rows
mayúscula,mayúscula,audio/voz/vocabulario/mayúscula.mp3,Flip Chart 57 / production content; Verified faithful-art content
maíz,maíz,audio/voz/vocabulario/maíz.mp3,Workbook 1 / p1-grid; Workbook 10 / p10-grid; Workbook 11 / p11-match; Workbook 4 / p4-grid; Workbook 8 / p8-match
meme,Meme,audio/voz/vocabulario/meme.mp3,Flip Chart 9 / production content
meñe,Meñe,audio/voz/vocabulario/meñe.mp3,Flip Chart 30 / production content
mi bote de vela scene,mi bote de vela scene,audio/voz/vocabulario/mi-bote-de-vela-scene.mp3,Flip Chart 38 / production content
mi mama scene,mi mama scene,audio/voz/vocabulario/mi-mama-scene.mp3,Flip Chart 11 / production content
mi papa scene,mi papa scene,audio/voz/vocabulario/mi-papa-scene.mp3,Flip Chart 14 / production content
mima,mima,audio/voz/vocabulario/mima.mp3,Flip Chart 9 / production content
mono,mono,audio/voz/vocabulario/mono.mp3,Flip Chart 27 / production content; Verified faithful-art content
moño,moño,audio/voz/vocabulario/moño.mp3,Flip Chart 30 / production content
mumi,Mumi,audio/voz/vocabulario/mumi.mp3,Flip Chart 9 / production content
napi,Napi,audio/voz/vocabulario/napi.mp3,Flip Chart 27 / production content
nido,nido,audio/voz/vocabulario/nido.mp3,Flip Chart 27 / production content; Verified faithful-art content
nina enfermita,nina enfermita,audio/voz/vocabulario/nina-enfermita.mp3,Flip Chart 5 / production content
nina enmarcada ny,nina enmarcada ny,audio/voz/vocabulario/nina-enmarcada-ny.mp3,Flip Chart 30 / production content
nina l,nina l,audio/voz/vocabulario/nina-l.mp3,Flip Chart 24 / production content
nina llorona,nina llorona,audio/voz/vocabulario/nina-llorona.mp3,Flip Chart 7 / production content
nina sordita,nina sordita,audio/voz/vocabulario/nina-sordita.mp3,Flip Chart 6 / production content
nina suena scene,nina suena scene,audio/voz/vocabulario/nina-suena-scene.mp3,Flip Chart 32 / production content
nino nada scene,nino nada scene,audio/voz/vocabulario/nino-nada-scene.mp3,Flip Chart 29 / production content
nino tambor t,nino tambor t,audio/voz/vocabulario/nino-tambor-t.mp3,Flip Chart 18 / production content
nino yoyo y,nino yoyo y,audio/voz/vocabulario/nino-yoyo-y.mp3,Flip Chart 57 / production content
niñito,niñito,audio/voz/vocabulario/niñito.mp3,Flip Chart 30 / production content
niño,niño,audio/voz/vocabulario/niño.mp3,Verified faithful-art content
nudo,nudo,audio/voz/vocabulario/nudo.mp3,Flip Chart 27 / production content
ocho,ocho,audio/voz/vocabulario/ocho.mp3,Flip Chart 4 / production content; Workbook 3 / p3-pairs; Workbook 4 / p4-grid
ojos,ojos,audio/voz/vocabulario/ojos.mp3,Workbook 1 / p1-grid; Workbook 4 / p4-grid; Workbook 5 / p5-match; Workbook 7 / p7-grid
ola,ola,audio/voz/vocabulario/ola.mp3,Workbook 13 / p13-grid; Workbook 4 / p4-grid; Workbook 5 / p5-match
olla,olla,audio/voz/vocabulario/olla.mp3,Flip Chart 3 / production content; Flip Chart 4 / production content; Workbook 1 / p1-grid; Workbook 13 / p13-grid; Workbook 4 / p4-grid; Workbook 5 / p5-match
oreja,oreja,audio/voz/vocabulario/oreja.mp3,Flip Chart 4 / production content; Workbook 1 / p1-grid; Workbook 4 / p4-grid; Workbook 5 / p5-match
oruga,oruga,audio/voz/vocabulario/oruga.mp3,Workbook 7 / p7-grid
oso,oso,audio/voz/vocabulario/oso.mp3,Flip Chart 4 / production content; Workbook 1 / p1-grid; Workbook 11 / p11-match; Workbook 13 / p13-grid; Workbook 14 / p14-match; Workbook 16 / p16-grid; Workbook 17 / p17-match; Workbook 2 / p2-rows; Workbook 4 / p4-grid; Workbook 5 / p5-match; Workbook 7 / p7-grid; Workbook 8 / p8-match
oso (parpadeo),oso (parpadeo),audio/voz/vocabulario/oso-parpadeo.mp3,Verified faithful-art content
oto,Oto,audio/voz/vocabulario/oto.mp3,Flip Chart 4 / production content
oveja,oveja,audio/voz/vocabulario/oveja.mp3,Flip Chart 4 / production content; Workbook 1 / p1-grid; Workbook 16 / p16-grid; Workbook 4 / p4-grid; Workbook 5 / p5-match; Workbook 7 / p7-grid
papá,papá,audio/voz/vocabulario/papá.mp3,Flip Chart 12 / production content; Verified faithful-art content
pavo,pavo,audio/voz/vocabulario/pavo.mp3,Flip Chart 36 / production content
pepe,Pepe,audio/voz/vocabulario/pepe.mp3,Flip Chart 12 / production content
pera,pera,audio/voz/vocabulario/pera.mp3,Workbook 2 / p2-rows
perro,perro,audio/voz/vocabulario/perro.mp3,Verified faithful-art content
pie,pie,audio/voz/vocabulario/pie.mp3,Flip Chart 12 / production content
pisa,pisa,audio/voz/vocabulario/pisa.mp3,Flip Chart 15 / production content
piñata,piñata,audio/voz/vocabulario/piñata.mp3,Flip Chart 30 / production content
pollito p,pollito p,audio/voz/vocabulario/pollito-p.mp3,Flip Chart 12 / production content
pomo,pomo,audio/voz/vocabulario/pomo.mp3,Flip Chart 12 / production content
puma,puma,audio/voz/vocabulario/puma.mp3,Flip Chart 12 / production content
pájaro,pájaro,audio/voz/vocabulario/pájaro.mp3,Workbook 2 / p2-rows
rana,rana,audio/voz/vocabulario/rana.mp3,Flip Chart 39 / production content; Verified faithful-art content
rapido arriba scene,rapido arriba scene,audio/voz/vocabulario/rapido-arriba-scene.mp3,Flip Chart 44 / production content
raton r,raton r,audio/voz/vocabulario/raton-r.mp3,Flip Chart 39 / production content
remo,remo,audio/voz/vocabulario/remo.mp3,Verified faithful-art content
remos,remos,audio/voz/vocabulario/remos.mp3,Flip Chart 39 / production content
rita,Rita,audio/voz/vocabulario/rita.mp3,Flip Chart 39 / production content; Verified faithful-art content
rosa,rosa,audio/voz/vocabulario/rosa.mp3,Flip Chart 39 / production content; Verified faithful-art content
rosca manolo scene,rosca manolo scene,audio/voz/vocabulario/rosca-manolo-scene.mp3,Flip Chart 41 / production content
rueda,rueda,audio/voz/vocabulario/rueda.mp3,Flip Chart 39 / production content; Verified faithful-art content
saltamontes g,saltamontes g,audio/voz/vocabulario/saltamontes-g.mp3,Flip Chart 45 / production content
sapo,sapo,audio/voz/vocabulario/sapo.mp3,Flip Chart 15 / production content; Verified faithful-art content
sapo samapo scene,sapo samapo scene,audio/voz/vocabulario/sapo-samapo-scene.mp3,Flip Chart 17 / production content
serpiente s,serpiente s,audio/voz/vocabulario/serpiente-s.mp3,Flip Chart 15 / production content
sesi,Sesi,audio/voz/vocabulario/sesi.mp3,Flip Chart 15 / production content
sopa,sopa,audio/voz/vocabulario/sopa.mp3,Flip Chart 15 / production content; Verified faithful-art content
sopa de pato scene,sopa de pato scene,audio/voz/vocabulario/sopa-de-pato-scene.mp3,Flip Chart 20 / production content
sube la bola scene,sube la bola scene,audio/voz/vocabulario/sube-la-bola-scene.mp3,Flip Chart 35 / production content
susi,Susi,audio/voz/vocabulario/susi.mp3,Flip Chart 15 / production content
tapa,tapa,audio/voz/vocabulario/tapa.mp3,Flip Chart 18 / production content
taza,taza,audio/voz/vocabulario/taza.mp3,Workbook 2 / p2-rows
tenedor,tenedor,audio/voz/vocabulario/tenedor.mp3,Flip Chart 27 / production content
ternero n,ternero n,audio/voz/vocabulario/ternero-n.mp3,Flip Chart 27 / production content
tierra,Tierra,audio/voz/vocabulario/tierra.mp3,Flip Chart 42 / production content; Verified faithful-art content
tipi,tipi,audio/voz/vocabulario/tipi.mp3,Flip Chart 18 / production content
tomate,tomate,audio/voz/vocabulario/tomate.mp3,Flip Chart 18 / production content
topo,topo,audio/voz/vocabulario/topo.mp3,Flip Chart 18 / production content
toro m,toro m,audio/voz/vocabulario/toro-m.mp3,Flip Chart 9 / production content
torre,torre,audio/voz/vocabulario/torre.mp3,Flip Chart 42 / production content; Verified faithful-art content
tuto,Tuto,audio/voz/vocabulario/tuto.mp3,Flip Chart 18 / production content
ulises,Ulises,audio/voz/vocabulario/ulises.mp3,Flip Chart 8 / production content
unicornio,unicornio,audio/voz/vocabulario/unicornio.mp3,Flip Chart 8 / production content; Workbook 10 / p10-grid; Workbook 16 / p16-grid; Workbook 17 / p17-match
uniforme,uniforme,audio/voz/vocabulario/uniforme.mp3,Flip Chart 8 / production content; Workbook 1 / p1-grid; Workbook 10 / p10-grid; Workbook 16 / p16-grid; Workbook 17 / p17-match; Workbook 2 / p2-rows; Workbook 4 / p4-grid
uno,uno,audio/voz/vocabulario/uno.mp3,Flip Chart 8 / production content; Workbook 1 / p1-grid; Workbook 10 / p10-grid; Workbook 13 / p13-grid; Workbook 16 / p16-grid; Workbook 17 / p17-match; Workbook 3 / p3-pairs; Workbook 4 / p4-grid; Workbook 7 / p7-grid
urraca,urraca,audio/voz/vocabulario/urraca.mp3,Flip Chart 8 / production content
uva,uva,audio/voz/vocabulario/uva.mp3,Flip Chart 8 / production content
uvas,uvas,audio/voz/vocabulario/uvas.mp3,Workbook 16 / p16-grid; Workbook 17 / p17-match; Workbook 4 / p4-grid
uña,uña,audio/voz/vocabulario/uña.mp3,Flip Chart 3 / production content; Workbook 1 / p1-grid; Workbook 13 / p13-grid; Workbook 14 / p14-match; Workbook 16 / p16-grid; Workbook 17 / p17-match; Workbook 4 / p4-grid
vaso,vaso,audio/voz/vocabulario/vaso.mp3,Flip Chart 36 / production content
vela,vela,audio/voz/vocabulario/vela.mp3,Flip Chart 36 / production content; Verified faithful-art content
viento v,viento v,audio/voz/vocabulario/viento-v.mp3,Flip Chart 36 / production content
vita,Vita,audio/voz/vocabulario/vita.mp3,Flip Chart 36 / production content
vuli,Vuli,audio/voz/vocabulario/vuli.mp3,Flip Chart 36 / production content
yate,yate,audio/voz/vocabulario/yate.mp3,Flip Chart 57 / production content; Verified faithful-art content
yate de yayo scene,yate de yayo scene,audio/voz/vocabulario/yate-de-yayo-scene.mp3,Flip Chart 59 / production content
yayita,Yayita,audio/voz/vocabulario/yayita.mp3,Flip Chart 57 / production content; Verified faithful-art content
yema,yema,audio/voz/vocabulario/yema.mp3,Flip Chart 57 / production content; Verified faithful-art content
yoyo,yoyo,audio/voz/vocabulario/yoyo.mp3,Flip Chart 57 / production content; Verified faithful-art content
zapato,zapato,audio/voz/vocabulario/zapato.mp3,Flip Chart 60 / production content; Verified faithful-art content
zepelín,zepelín,audio/voz/vocabulario/zepelín.mp3,Flip Chart 60 / production content; Verified faithful-art content
zig-zag,zig-zag,audio/voz/vocabulario/zig-zag.mp3,Flip Chart 60 / production content; Verified faithful-art content
zorro,zorro,audio/voz/vocabulario/zorro.mp3,Flip Chart 60 / production content; Verified faithful-art content
zulema,Zulema,audio/voz/vocabulario/zulema.mp3,Flip Chart 60 / production content; Verified faithful-art content
águila,águila,audio/voz/vocabulario/águila.mp3,Workbook 10 / p10-grid; Workbook 16 / p16-grid
árbol,árbol,audio/voz/vocabulario/árbol.mp3,Workbook 16 / p16-grid; Workbook 2 / p2-rows; Workbook 7 / p7-grid
ñuno,Ñuno,audio/voz/vocabulario/ñuno.mp3,Flip Chart 30 / production content
