source_path,staged_path,repo_path,kind,notes
C:\Users\EJN\.gemini\antigravity\scratch\cartilla-de-gretel\public\cartilla\images\gretel\poses\gretel-idle.webp,C:\Users\EJN\Desktop\cartilla-art-from-grok\gretel-poses\idle-01.webp,public/gretel/frames/idle-01.webp,gretel,stable map -> idle-01.webp | already present identical
C:\Users\EJN\.gemini\antigravity\scratch\cartilla-de-gretel\public\cartilla\images\gretel\poses\gretel-blink.webp,C:\Users\EJN\Desktop\cartilla-art-from-grok\gretel-poses\idle-02.webp,public/gretel/frames/idle-02.webp,gretel,stable map -> idle-02.webp | already present identical
C:\Users\EJN\.gemini\antigravity\scratch\cartilla-de-gretel\public\cartilla\images\gretel\poses\gretel-talk-0.webp,C:\Users\EJN\Desktop\cartilla-art-from-grok\gretel-poses\idle-03.webp,public/gretel/frames/idle-03.webp,gretel,stable map -> idle-03.webp | already present identical
C:\Users\EJN\.gemini\antigravity\scratch\cartilla-de-gretel\public\cartilla\images\gretel\poses\gretel-talk-1.webp,C:\Users\EJN\Desktop\cartilla-art-from-grok\gretel-poses\idle-04.webp,public/gretel/frames/idle-04.webp,gretel,stable map -> idle-04.webp | already present identical
C:\Users\EJN\.gemini\antigravity\scratch\cartilla-de-gretel\public\cartilla\images\gretel\poses\gretel-talk-2.webp,C:\Users\EJN\Desktop\cartilla-art-from-grok\gretel-poses\idle-05.webp,public/gretel/frames/idle-05.webp,gretel,stable map -> idle-05.webp | already present identical
C:\Users\EJN\.gemini\antigravity\scratch\cartilla-de-gretel\public\cartilla\images\gretel\poses\gretel-point.webp,C:\Users\EJN\Desktop\cartilla-art-from-grok\gretel-poses\pointing-01.webp,public/gretel/frames/pointing-01.webp,gretel,stable map -> pointing-01.webp | already present identical
C:\Users\EJN\.gemini\antigravity\scratch\cartilla-de-gretel\public\cartilla\images\gretel\poses\gretel-cheer.webp,C:\Users\EJN\Desktop\cartilla-art-from-grok\gretel-poses\cheering-01.webp,public/gretel/frames/cheering-01.webp,gretel,stable map -> cheering-01.webp | already present identical
C:\Users\EJN\.gemini\antigravity\scratch\cartilla-de-gretel\public\cartilla\images\gretel\poses\gretel-cheer-1.webp,C:\Users\EJN\Desktop\cartilla-art-from-grok\gretel-poses\cheering-02.webp,public/gretel/frames/cheering-02.webp,gretel,stable map -> cheering-02.webp | already present identical
C:\Users\EJN\.gemini\antigravity\scratch\cartilla-de-gretel\public\cartilla\images\gretel\poses\gretel-wave.webp,C:\Users\EJN\Desktop\cartilla-art-from-grok\gretel-poses\waving-01.webp,public/gretel/frames/waving-01.webp,gretel,stable map -> waving-01.webp | already present identical
C:\Users\EJN\.gemini\antigravity\scratch\cartilla-de-gretel\public\cartilla\images\gretel\poses\gretel-wave-1.webp,C:\Users\EJN\Desktop\cartilla-art-from-grok\gretel-poses\waving-02.webp,public/gretel/frames/waving-02.webp,gretel,stable map -> waving-02.webp | already present identical
C:\Users\EJN\.gemini\antigravity\scratch\cartilla-de-gretel\public\cartilla\images\gretel\poses\gretel-wave-2.webp,C:\Users\EJN\Desktop\cartilla-art-from-grok\gretel-poses\waving-03.webp,public/gretel/frames/waving-03.webp,gretel,stable map -> waving-03.webp | already present identical
C:\Users\EJN\.gemini\antigravity\scratch\cartilla-de-gretel\public\cartilla\images\gretel\poses\gretel-blink.webp,C:\Users\EJN\Desktop\cartilla-art-from-grok\gretel-poses\thinking-01.webp,public/gretel/frames/thinking-01.webp,gretel,stable map -> thinking-01.webp | already present identical
C:\Users\EJN\.gemini\antigravity\scratch\cartilla-de-gretel\public\art\hd\gretel-authentic.jpg,C:\Users\EJN\Desktop\cartilla-art-from-grok\gretel-poses\portrait-gretel-authentic.jpg,public/gretel/frames/portrait-gretel-authentic.jpg,gretel,base portrait reference | already present identical
C:\Users\EJN\.gemini\antigravity\scratch\cartilla-de-gretel\public\cartilla\images\gretel\gretel-original.png,C:\Users\EJN\Desktop\cartilla-art-from-grok\gretel-poses\portrait-gretel-original.png,public/gretel/frames/portrait-gretel-original.png,gretel,base portrait reference | already present identical
C:\Users\EJN\Desktop\screenshots\refs\gretel-authentic.jpg,C:\Users\EJN\Desktop\cartilla-art-from-grok\gretel-poses\portrait-gretel-authentic.jpg,public/gretel/frames/portrait-gretel-authentic.jpg,gretel,base portrait reference | already present identical
C:\Users\EJN\Downloads\grok-1c451b32-e4fd-4a4a-811c-95bae3622d21.jpg,C:\Users\EJN\Desktop\cartilla-art-from-grok\gretel-poses\grok-download-unknown.jpg,public/gretel/frames/grok-download-unknown.jpg,gretel,"Downloads grok-*.jpg - content unknown, needs review | already present identical"
C:\Users\EJN\Desktop\screenshots\refs\abeja.webp,C:\Users\EJN\Desktop\cartilla-art-from-grok\book-crops\unsorted-001.webp,,crop,refs crop original=abeja.webp | already present identical
C:\Users\EJN\Desktop\screenshots\refs\ardilla.webp,C:\Users\EJN\Desktop\cartilla-art-from-grok\book-crops\unsorted-002.webp,,crop,refs crop original=ardilla.webp | already present identical
C:\Users\EJN\Desktop\screenshots\refs\oso.webp,C:\Users\EJN\Desktop\cartilla-art-from-grok\book-crops\unsorted-003.webp,,crop,refs crop original=oso.webp | already present identical
C:\Users\EJN\Desktop\screenshots\refs\pajaro.png,C:\Users\EJN\Desktop\cartilla-art-from-grok\book-crops\unsorted-004.png,,crop,refs crop original=pajaro.png | already present identical
C:\Users\EJN\Desktop\screenshots\refs\pajaro.webp,C:\Users\EJN\Desktop\cartilla-art-from-grok\book-crops\unsorted-005.webp,,crop,refs crop original=pajaro.webp | already present identical
C:\Users\EJN\Desktop\screenshots\refs\rana.webp,C:\Users\EJN\Desktop\cartilla-art-from-grok\book-crops\unsorted-006.webp,,crop,refs crop original=rana.webp | already present identical
C:\Users\EJN\Desktop\screenshots\abrigo.webp,C:\Users\EJN\Desktop\cartilla-art-from-grok\book-crops\unsorted-007.webp,,crop,screenshots original=abrigo.webp | already present identical
C:\Users\EJN\Desktop\screenshots\carro.webp,C:\Users\EJN\Desktop\cartilla-art-from-grok\book-crops\unsorted-008.webp,,crop,screenshots original=carro.webp | already present identical
C:\Users\EJN\Desktop\screenshots\casa.webp,C:\Users\EJN\Desktop\cartilla-art-from-grok\book-crops\unsorted-009.webp,,crop,screenshots original=casa.webp | already present identical
C:\Users\EJN\Desktop\screenshots\dulce.webp,C:\Users\EJN\Desktop\cartilla-art-from-grok\book-crops\unsorted-010.webp,,crop,screenshots original=dulce.webp | already present identical
C:\Users\EJN\.gemini\antigravity\scratch\cartilla-de-gretel\public\art\remastered\page-1.webp,C:\Users\EJN\Desktop\cartilla-art-from-grok\book-colorized\page-001.webp,public/cartilla/art/hd/workbook/page-001.webp,color,remastered page-1.webp -> page-001.webp | already present identical | repo already had file; left/updated carefully
C:\Users\EJN\.gemini\antigravity\scratch\cartilla-de-gretel\public\art\remastered\page-2.webp,C:\Users\EJN\Desktop\cartilla-art-from-grok\book-colorized\page-002.webp,public/cartilla/art/hd/workbook/page-002.webp,color,remastered page-2.webp -> page-002.webp | already present identical | repo already had file; left/updated carefully
C:\Users\EJN\.gemini\antigravity\scratch\cartilla-de-gretel\public\art\remastered\page-3.webp,C:\Users\EJN\Desktop\cartilla-art-from-grok\book-colorized\page-003.webp,public/cartilla/art/hd/workbook/page-003.webp,color,remastered page-3.webp -> page-003.webp | already present identical | repo already had file; left/updated carefully
C:\Users\EJN\.gemini\antigravity\scratch\cartilla-de-gretel\public\art\remastered\page-4.webp,C:\Users\EJN\Desktop\cartilla-art-from-grok\book-colorized\page-004.webp,public/cartilla/art/hd/workbook/page-004.webp,color,remastered page-4.webp -> page-004.webp | already present identical | repo already had file; left/updated carefully
C:\Users\EJN\.gemini\antigravity\scratch\cartilla-de-gretel\public\art\remastered\page-5.webp,C:\Users\EJN\Desktop\cartilla-art-from-grok\book-colorized\page-005.webp,public/cartilla/art/hd/workbook/page-005.webp,color,remastered page-5.webp -> page-005.webp | already present identical | repo already had file; left/updated carefully
C:\Users\EJN\.gemini\antigravity\scratch\cartilla-de-gretel\public\art\remastered\page-6.webp,C:\Users\EJN\Desktop\cartilla-art-from-grok\book-colorized\page-006.webp,public/cartilla/art/hd/workbook/page-006.webp,color,remastered page-6.webp -> page-006.webp | already present identical | repo already had file; left/updated carefully
C:\Users\EJN\.gemini\antigravity\scratch\cartilla-de-gretel\public\art\remastered\page-7.webp,C:\Users\EJN\Desktop\cartilla-art-from-grok\book-colorized\page-007.webp,public/cartilla/art/hd/workbook/page-007.webp,color,remastered page-7.webp -> page-007.webp | already present identical | repo already had file; left/updated carefully
C:\Users\EJN\.gemini\antigravity\scratch\cartilla-de-gretel\public\art\remastered\page-8.webp,C:\Users\EJN\Desktop\cartilla-art-from-grok\book-colorized\page-008.webp,public/cartilla/art/hd/workbook/page-008.webp,color,remastered page-8.webp -> page-008.webp | already present identical | repo already had file; left/updated carefully
C:\Users\EJN\.gemini\antigravity\scratch\cartilla-de-gretel\public\art\remastered\page-9.webp,C:\Users\EJN\Desktop\cartilla-art-from-grok\book-colorized\page-009.webp,public/cartilla/art/hd/workbook/page-009.webp,color,remastered page-9.webp -> page-009.webp | already present identical | repo already had file; left/updated carefully
C:\Users\EJN\.gemini\antigravity\scratch\cartilla-de-gretel\public\art\remastered\page-10.webp,C:\Users\EJN\Desktop\cartilla-art-from-grok\book-colorized\page-010.webp,public/cartilla/art/hd/workbook/page-010.webp,color,remastered page-10.webp -> page-010.webp | already present identical | repo already had file; left/updated carefully
C:\Users\EJN\.gemini\antigravity\scratch\cartilla-de-gretel\public\art\remastered\page-11.webp,C:\Users\EJN\Desktop\cartilla-art-from-grok\book-colorized\page-011.webp,public/cartilla/art/hd/workbook/page-011.webp,color,remastered page-11.webp -> page-011.webp | already present identical | repo already had file; left/updated carefully
C:\Users\EJN\.gemini\antigravity\scratch\cartilla-de-gretel\public\art\remastered\page-12.webp,C:\Users\EJN\Desktop\cartilla-art-from-grok\book-colorized\page-012.webp,public/cartilla/art/hd/workbook/page-012.webp,color,remastered page-12.webp -> page-012.webp | already present identical | repo already had file; left/updated carefully
C:\Users\EJN\.gemini\antigravity\scratch\cartilla-de-gretel\public\art\remastered\page-13.webp,C:\Users\EJN\Desktop\cartilla-art-from-grok\book-colorized\page-013.webp,public/cartilla/art/hd/workbook/page-013.webp,color,remastered page-13.webp -> page-013.webp | already present identical | repo already had file; left/updated carefully
C:\Users\EJN\.gemini\antigravity\scratch\cartilla-de-gretel\public\art\remastered\page-14.webp,C:\Users\EJN\Desktop\cartilla-art-from-grok\book-colorized\page-014.webp,public/cartilla/art/hd/workbook/page-014.webp,color,remastered page-14.webp -> page-014.webp | already present identical | repo already had file; left/updated carefully
C:\Users\EJN\.gemini\antigravity\scratch\cartilla-de-gretel\public\art\remastered\page-15.webp,C:\Users\EJN\Desktop\cartilla-art-from-grok\book-colorized\page-015.webp,public/cartilla/art/hd/workbook/page-015.webp,color,remastered page-15.webp -> page-015.webp | already present identical | repo already had file; left/updated carefully
C:\Users\EJN\.gemini\antigravity\scratch\cartilla-de-gretel\public\art\remastered\page-16.webp,C:\Users\EJN\Desktop\cartilla-art-from-grok\book-colorized\page-016.webp,public/cartilla/art/hd/workbook/page-016.webp,color,remastered page-16.webp -> page-016.webp | already present identical | repo already had file; left/updated carefully
C:\Users\EJN\.gemini\antigravity\scratch\cartilla-de-gretel\public\art\remastered\page-17.webp,C:\Users\EJN\Desktop\cartilla-art-from-grok\book-colorized\page-017.webp,public/cartilla/art/hd/workbook/page-017.webp,color,remastered page-17.webp -> page-017.webp | already present identical | repo already had file; left/updated carefully
C:\Users\EJN\.gemini\antigravity\scratch\cartilla-de-gretel\public\art\remastered\page-18.webp,C:\Users\EJN\Desktop\cartilla-art-from-grok\book-colorized\page-018.webp,public/cartilla/art/hd/workbook/page-018.webp,color,remastered page-18.webp -> page-018.webp | already present identical | repo already had file; left/updated carefully
C:\Users\EJN\.gemini\antigravity\scratch\cartilla-de-gretel\public\art\remastered\page-19.webp,C:\Users\EJN\Desktop\cartilla-art-from-grok\book-colorized\page-019.webp,public/cartilla/art/hd/workbook/page-019.webp,color,remastered page-19.webp -> page-019.webp | already present identical | repo already had file; left/updated carefully
C:\Users\EJN\.gemini\antigravity\scratch\cartilla-de-gretel\public\art\remastered\page-20.webp,C:\Users\EJN\Desktop\cartilla-art-from-grok\book-colorized\page-020.webp,public/cartilla/art/hd/workbook/page-020.webp,color,remastered page-20.webp -> page-020.webp | already present identical | repo already had file; left/updated carefully
C:\Users\EJN\.gemini\antigravity\scratch\cartilla-de-gretel\public\art\remastered\page-21.webp,C:\Users\EJN\Desktop\cartilla-art-from-grok\book-colorized\page-021.webp,public/cartilla/art/hd/workbook/page-021.webp,color,remastered page-21.webp -> page-021.webp | already present identical | repo already had file; left/updated carefully
C:\Users\EJN\.gemini\antigravity\scratch\cartilla-de-gretel\public\art\remastered\page-22.webp,C:\Users\EJN\Desktop\cartilla-art-from-grok\book-colorized\page-022.webp,public/cartilla/art/hd/workbook/page-022.webp,color,remastered page-22.webp -> page-022.webp | already present identical | repo already had file; left/updated carefully
C:\Users\EJN\.gemini\antigravity\scratch\cartilla-de-gretel\public\art\remastered\page-23.webp,C:\Users\EJN\Desktop\cartilla-art-from-grok\book-colorized\page-023.webp,public/cartilla/art/hd/workbook/page-023.webp,color,remastered page-23.webp -> page-023.webp | already present identical | repo already had file; left/updated carefully
C:\Users\EJN\.gemini\antigravity\scratch\cartilla-de-gretel\public\art\remastered\page-24.webp,C:\Users\EJN\Desktop\cartilla-art-from-grok\book-colorized\page-024.webp,public/cartilla/art/hd/workbook/page-024.webp,color,remastered page-24.webp -> page-024.webp | already present identical | repo already had file; left/updated carefully
C:\Users\EJN\.gemini\antigravity\scratch\cartilla-de-gretel\public\art\remastered\page-25.webp,C:\Users\EJN\Desktop\cartilla-art-from-grok\book-colorized\page-025.webp,public/cartilla/art/hd/workbook/page-025.webp,color,remastered page-25.webp -> page-025.webp | already present identical | repo already had file; left/updated carefully
C:\Users\EJN\.gemini\antigravity\scratch\cartilla-de-gretel\public\art\remastered\page-26.webp,C:\Users\EJN\Desktop\cartilla-art-from-grok\book-colorized\page-026.webp,public/cartilla/art/hd/workbook/page-026.webp,color,remastered page-26.webp -> page-026.webp | already present identical | repo already had file; left/updated carefully
C:\Users\EJN\.gemini\antigravity\scratch\cartilla-de-gretel\public\art\remastered\page-27.webp,C:\Users\EJN\Desktop\cartilla-art-from-grok\book-colorized\page-027.webp,public/cartilla/art/hd/workbook/page-027.webp,color,remastered page-27.webp -> page-027.webp | already present identical | repo already had file; left/updated carefully
C:\Users\EJN\.gemini\antigravity\scratch\cartilla-de-gretel\public\art\remastered\page-28.webp,C:\Users\EJN\Desktop\cartilla-art-from-grok\book-colorized\page-028.webp,public/cartilla/art/hd/workbook/page-028.webp,color,remastered page-28.webp -> page-028.webp | already present identical | repo already had file; left/updated carefully
C:\Users\EJN\.gemini\antigravity\scratch\cartilla-de-gretel\public\art\remastered\page-29.webp,C:\Users\EJN\Desktop\cartilla-art-from-grok\book-colorized\page-029.webp,public/cartilla/art/hd/workbook/page-029.webp,color,remastered page-29.webp -> page-029.webp | already present identical | repo already had file; left/updated carefully
C:\Users\EJN\.gemini\antigravity\scratch\cartilla-de-gretel\public\art\remastered\page-30.webp,C:\Users\EJN\Desktop\cartilla-art-from-grok\book-colorized\page-030.webp,public/cartilla/art/hd/workbook/page-030.webp,color,remastered page-30.webp -> page-030.webp | already present identical | repo already had file; left/updated carefully
C:\Users\EJN\.gemini\antigravity\scratch\cartilla-de-gretel\public\art\remastered\page-31.webp,C:\Users\EJN\Desktop\cartilla-art-from-grok\book-colorized\page-031.webp,public/cartilla/art/hd/workbook/page-031.webp,color,remastered page-31.webp -> page-031.webp | already present identical | repo already had file; left/updated carefully
C:\Users\EJN\.gemini\antigravity\scratch\cartilla-de-gretel\public\art\remastered\page-32.webp,C:\Users\EJN\Desktop\cartilla-art-from-grok\book-colorized\page-032.webp,public/cartilla/art/hd/workbook/page-032.webp,color,remastered page-32.webp -> page-032.webp | already present identical | repo already had file; left/updated carefully
C:\Users\EJN\.gemini\antigravity\scratch\cartilla-de-gretel\public\art\remastered\page-33.webp,C:\Users\EJN\Desktop\cartilla-art-from-grok\book-colorized\page-033.webp,public/cartilla/art/hd/workbook/page-033.webp,color,remastered page-33.webp -> page-033.webp | already present identical | repo already had file; left/updated carefully
C:\Users\EJN\.gemini\antigravity\scratch\cartilla-de-gretel\public\art\remastered\page-34.webp,C:\Users\EJN\Desktop\cartilla-art-from-grok\book-colorized\page-034.webp,public/cartilla/art/hd/workbook/page-034.webp,color,remastered page-34.webp -> page-034.webp | already present identical | repo already had file; left/updated carefully
C:\Users\EJN\.gemini\antigravity\scratch\cartilla-de-gretel\public\art\remastered\page-35.webp,C:\Users\EJN\Desktop\cartilla-art-from-grok\book-colorized\page-035.webp,public/cartilla/art/hd/workbook/page-035.webp,color,remastered page-35.webp -> page-035.webp | already present identical | repo already had file; left/updated carefully
C:\Users\EJN\.gemini\antigravity\scratch\cartilla-de-gretel\public\art\remastered\page-36.webp,C:\Users\EJN\Desktop\cartilla-art-from-grok\book-colorized\page-036.webp,public/cartilla/art/hd/workbook/page-036.webp,color,remastered page-36.webp -> page-036.webp | already present identical | repo already had file; left/updated carefully
C:\Users\EJN\.gemini\antigravity\scratch\cartilla-de-gretel\public\art\remastered\page-37.webp,C:\Users\EJN\Desktop\cartilla-art-from-grok\book-colorized\page-037.webp,public/cartilla/art/hd/workbook/page-037.webp,color,remastered page-37.webp -> page-037.webp | already present identical | repo already had file; left/updated carefully
C:\Users\EJN\.gemini\antigravity\scratch\cartilla-de-gretel\public\art\remastered\page-38.webp,C:\Users\EJN\Desktop\cartilla-art-from-grok\book-colorized\page-038.webp,public/cartilla/art/hd/workbook/page-038.webp,color,remastered page-38.webp -> page-038.webp | already present identical | repo already had file; left/updated carefully
C:\Users\EJN\.gemini\antigravity\scratch\cartilla-de-gretel\public\art\remastered\page-39.webp,C:\Users\EJN\Desktop\cartilla-art-from-grok\book-colorized\page-039.webp,public/cartilla/art/hd/workbook/page-039.webp,color,remastered page-39.webp -> page-039.webp | already present identical | repo already had file; left/updated carefully
C:\Users\EJN\.gemini\antigravity\scratch\cartilla-de-gretel\public\art\remastered\page-40.webp,C:\Users\EJN\Desktop\cartilla-art-from-grok\book-colorized\page-040.webp,public/cartilla/art/hd/workbook/page-040.webp,color,remastered page-40.webp -> page-040.webp | already present identical | repo already had file; left/updated carefully
C:\Users\EJN\.gemini\antigravity\scratch\cartilla-de-gretel\public\art\remastered\page-41.webp,C:\Users\EJN\Desktop\cartilla-art-from-grok\book-colorized\page-041.webp,public/cartilla/art/hd/workbook/page-041.webp,color,remastered page-41.webp -> page-041.webp | already present identical | repo already had file; left/updated carefully
C:\Users\EJN\.gemini\antigravity\scratch\cartilla-de-gretel\public\art\remastered\page-42.webp,C:\Users\EJN\Desktop\cartilla-art-from-grok\book-colorized\page-042.webp,public/cartilla/art/hd/workbook/page-042.webp,color,remastered page-42.webp -> page-042.webp | already present identical | repo already had file; left/updated carefully
C:\Users\EJN\.gemini\antigravity\scratch\cartilla-de-gretel\public\art\remastered\page-43.webp,C:\Users\EJN\Desktop\cartilla-art-from-grok\book-colorized\page-043.webp,public/cartilla/art/hd/workbook/page-043.webp,color,remastered page-43.webp -> page-043.webp | already present identical | repo already had file; left/updated carefully
C:\Users\EJN\.gemini\antigravity\scratch\cartilla-de-gretel\public\art\remastered\page-44.webp,C:\Users\EJN\Desktop\cartilla-art-from-grok\book-colorized\page-044.webp,public/cartilla/art/hd/workbook/page-044.webp,color,remastered page-44.webp -> page-044.webp | already present identical | repo already had file; left/updated carefully
C:\Users\EJN\.gemini\antigravity\scratch\cartilla-de-gretel\public\art\remastered\page-45.webp,C:\Users\EJN\Desktop\cartilla-art-from-grok\book-colorized\page-045.webp,public/cartilla/art/hd/workbook/page-045.webp,color,remastered page-45.webp -> page-045.webp | already present identical | repo already had file; left/updated carefully
C:\Users\EJN\.gemini\antigravity\scratch\cartilla-de-gretel\public\art\remastered\page-46.webp,C:\Users\EJN\Desktop\cartilla-art-from-grok\book-colorized\page-046.webp,public/cartilla/art/hd/workbook/page-046.webp,color,remastered page-46.webp -> page-046.webp | already present identical | repo already had file; left/updated carefully
C:\Users\EJN\.gemini\antigravity\scratch\cartilla-de-gretel\public\art\remastered\page-47.webp,C:\Users\EJN\Desktop\cartilla-art-from-grok\book-colorized\page-047.webp,public/cartilla/art/hd/workbook/page-047.webp,color,remastered page-47.webp -> page-047.webp | already present identical | repo already had file; left/updated carefully
C:\Users\EJN\.gemini\antigravity\scratch\cartilla-de-gretel\public\art\remastered\page-48.webp,C:\Users\EJN\Desktop\cartilla-art-from-grok\book-colorized\page-048.webp,public/cartilla/art/hd/workbook/page-048.webp,color,remastered page-48.webp -> page-048.webp | already present identical | repo already had file; left/updated carefully
C:\Users\EJN\.gemini\antigravity\scratch\cartilla-de-gretel\public\art\remastered\page-49.webp,C:\Users\EJN\Desktop\cartilla-art-from-grok\book-colorized\page-049.webp,public/cartilla/art/hd/workbook/page-049.webp,color,remastered page-49.webp -> page-049.webp | already present identical | repo already had file; left/updated carefully
C:\Users\EJN\.gemini\antigravity\scratch\cartilla-de-gretel\public\art\remastered\page-50.webp,C:\Users\EJN\Desktop\cartilla-art-from-grok\book-colorized\page-050.webp,public/cartilla/art/hd/workbook/page-050.webp,color,remastered page-50.webp -> page-050.webp | already present identical | repo already had file; left/updated carefully
C:\Users\EJN\.gemini\antigravity\scratch\cartilla-de-gretel\public\art\remastered\page-51.webp,C:\Users\EJN\Desktop\cartilla-art-from-grok\book-colorized\page-051.webp,public/cartilla/art/hd/workbook/page-051.webp,color,remastered page-51.webp -> page-051.webp | already present identical | repo already had file; left/updated carefully
C:\Users\EJN\.gemini\antigravity\scratch\cartilla-de-gretel\public\art\remastered\page-52.webp,C:\Users\EJN\Desktop\cartilla-art-from-grok\book-colorized\page-052.webp,public/cartilla/art/hd/workbook/page-052.webp,color,remastered page-52.webp -> page-052.webp | already present identical | repo already had file; left/updated carefully
C:\Users\EJN\.gemini\antigravity\scratch\cartilla-de-gretel\public\art\remastered\page-53.webp,C:\Users\EJN\Desktop\cartilla-art-from-grok\book-colorized\page-053.webp,public/cartilla/art/hd/workbook/page-053.webp,color,remastered page-53.webp -> page-053.webp | already present identical | repo already had file; left/updated carefully
C:\Users\EJN\.gemini\antigravity\scratch\cartilla-de-gretel\public\art\remastered\page-54.webp,C:\Users\EJN\Desktop\cartilla-art-from-grok\book-colorized\page-054.webp,public/cartilla/art/hd/workbook/page-054.webp,color,remastered page-54.webp -> page-054.webp | already present identical | repo already had file; left/updated carefully
C:\Users\EJN\.gemini\antigravity\scratch\cartilla-de-gretel\public\art\remastered\page-55.webp,C:\Users\EJN\Desktop\cartilla-art-from-grok\book-colorized\page-055.webp,public/cartilla/art/hd/workbook/page-055.webp,color,remastered page-55.webp -> page-055.webp | already present identical | repo already had file; left/updated carefully
C:\Users\EJN\.gemini\antigravity\scratch\cartilla-de-gretel\public\art\remastered\page-56.webp,C:\Users\EJN\Desktop\cartilla-art-from-grok\book-colorized\page-056.webp,public/cartilla/art/hd/workbook/page-056.webp,color,remastered page-56.webp -> page-056.webp | already present identical | repo already had file; left/updated carefully
C:\Users\EJN\.gemini\antigravity\scratch\cartilla-de-gretel\public\art\remastered\page-57.webp,C:\Users\EJN\Desktop\cartilla-art-from-grok\book-colorized\page-057.webp,public/cartilla/art/hd/workbook/page-057.webp,color,remastered page-57.webp -> page-057.webp | already present identical | repo already had file; left/updated carefully
C:\Users\EJN\.gemini\antigravity\scratch\cartilla-de-gretel\public\art\remastered\page-58.webp,C:\Users\EJN\Desktop\cartilla-art-from-grok\book-colorized\page-058.webp,public/cartilla/art/hd/workbook/page-058.webp,color,remastered page-58.webp -> page-058.webp | already present identical | repo already had file; left/updated carefully
C:\Users\EJN\.gemini\antigravity\scratch\cartilla-de-gretel\public\art\remastered\page-59.webp,C:\Users\EJN\Desktop\cartilla-art-from-grok\book-colorized\page-059.webp,public/cartilla/art/hd/workbook/page-059.webp,color,remastered page-59.webp -> page-059.webp | already present identical | repo already had file; left/updated carefully
C:\Users\EJN\.gemini\antigravity\scratch\cartilla-de-gretel\public\art\remastered\page-60.webp,C:\Users\EJN\Desktop\cartilla-art-from-grok\book-colorized\page-060.webp,public/cartilla/art/hd/workbook/page-060.webp,color,remastered page-60.webp -> page-060.webp | already present identical | repo already had file; left/updated carefully
C:\Users\EJN\.gemini\antigravity\scratch\cartilla-de-gretel\public\art\remastered\page-61.webp,C:\Users\EJN\Desktop\cartilla-art-from-grok\book-colorized\page-061.webp,public/cartilla/art/hd/workbook/page-061.webp,color,remastered page-61.webp -> page-061.webp | already present identical | repo already had file; left/updated carefully
C:\Users\EJN\.gemini\antigravity\scratch\cartilla-de-gretel\public\art\remastered\page-62.webp,C:\Users\EJN\Desktop\cartilla-art-from-grok\book-colorized\page-062.webp,public/cartilla/art/hd/workbook/page-062.webp,color,remastered page-62.webp -> page-062.webp | already present identical | repo already had file; left/updated carefully
C:\Users\EJN\.gemini\antigravity\scratch\cartilla-de-gretel\public\art\remastered\page-63.webp,C:\Users\EJN\Desktop\cartilla-art-from-grok\book-colorized\page-063.webp,public/cartilla/art/hd/workbook/page-063.webp,color,remastered page-63.webp -> page-063.webp | already present identical | repo already had file; left/updated carefully
C:\Users\EJN\.gemini\antigravity\scratch\cartilla-de-gretel\public\art\remastered\page-64.webp,C:\Users\EJN\Desktop\cartilla-art-from-grok\book-colorized\page-064.webp,public/cartilla/art/hd/workbook/page-064.webp,color,remastered page-64.webp -> page-064.webp | already present identical | repo already had file; left/updated carefully
C:\Users\EJN\.gemini\antigravity\scratch\cartilla-de-gretel\public\art\remastered\page-65.webp,C:\Users\EJN\Desktop\cartilla-art-from-grok\book-colorized\page-065.webp,public/cartilla/art/hd/workbook/page-065.webp,color,remastered page-65.webp -> page-065.webp | already present identical | repo already had file; left/updated carefully
C:\Users\EJN\.gemini\antigravity\scratch\cartilla-de-gretel\public\art\remastered\page-66.webp,C:\Users\EJN\Desktop\cartilla-art-from-grok\book-colorized\page-066.webp,public/cartilla/art/hd/workbook/page-066.webp,color,remastered page-66.webp -> page-066.webp | already present identical | repo already had file; left/updated carefully
C:\Users\EJN\.gemini\antigravity\scratch\cartilla-de-gretel\public\art\remastered\page-67.webp,C:\Users\EJN\Desktop\cartilla-art-from-grok\book-colorized\page-067.webp,public/cartilla/art/hd/workbook/page-067.webp,color,remastered page-67.webp -> page-067.webp | already present identical | repo already had file; left/updated carefully
C:\Users\EJN\.gemini\antigravity\scratch\cartilla-de-gretel\public\art\remastered\page-68.webp,C:\Users\EJN\Desktop\cartilla-art-from-grok\book-colorized\page-068.webp,public/cartilla/art/hd/workbook/page-068.webp,color,remastered page-68.webp -> page-068.webp | already present identical | repo already had file; left/updated carefully
C:\Users\EJN\.gemini\antigravity\scratch\cartilla-de-gretel\public\art\remastered\page-69.webp,C:\Users\EJN\Desktop\cartilla-art-from-grok\book-colorized\page-069.webp,public/cartilla/art/hd/workbook/page-069.webp,color,remastered page-69.webp -> page-069.webp | already present identical | repo already had file; left/updated carefully
C:\Users\EJN\.gemini\antigravity\scratch\cartilla-de-gretel\public\art\remastered\page-70.webp,C:\Users\EJN\Desktop\cartilla-art-from-grok\book-colorized\page-070.webp,public/cartilla/art/hd/workbook/page-070.webp,color,remastered page-70.webp -> page-070.webp | already present identical | repo already had file; left/updated carefully
C:\Users\EJN\.gemini\antigravity\scratch\cartilla-de-gretel\public\art\remastered\page-71.webp,C:\Users\EJN\Desktop\cartilla-art-from-grok\book-colorized\page-071.webp,public/cartilla/art/hd/workbook/page-071.webp,color,remastered page-71.webp -> page-071.webp | already present identical | repo already had file; left/updated carefully
C:\Users\EJN\.gemini\antigravity\scratch\cartilla-de-gretel\public\art\remastered\page-72.webp,C:\Users\EJN\Desktop\cartilla-art-from-grok\book-colorized\page-072.webp,public/cartilla/art/hd/workbook/page-072.webp,color,remastered page-72.webp -> page-072.webp | already present identical | repo already had file; left/updated carefully
C:\Users\EJN\.gemini\antigravity\scratch\cartilla-de-gretel\public\art\remastered\page-73.webp,C:\Users\EJN\Desktop\cartilla-art-from-grok\book-colorized\page-073.webp,public/cartilla/art/hd/workbook/page-073.webp,color,remastered page-73.webp -> page-073.webp | already present identical | repo already had file; left/updated carefully
C:\Users\EJN\.gemini\antigravity\scratch\cartilla-de-gretel\public\art\remastered\page-74.webp,C:\Users\EJN\Desktop\cartilla-art-from-grok\book-colorized\page-074.webp,public/cartilla/art/hd/workbook/page-074.webp,color,remastered page-74.webp -> page-074.webp | already present identical | repo already had file; left/updated carefully
C:\Users\EJN\.gemini\antigravity\scratch\cartilla-de-gretel\public\art\remastered\page-75.webp,C:\Users\EJN\Desktop\cartilla-art-from-grok\book-colorized\page-075.webp,public/cartilla/art/hd/workbook/page-075.webp,color,remastered page-75.webp -> page-075.webp | already present identical | repo already had file; left/updated carefully
C:\Users\EJN\.gemini\antigravity\scratch\cartilla-de-gretel\public\art\remastered\page-76.webp,C:\Users\EJN\Desktop\cartilla-art-from-grok\book-colorized\page-076.webp,public/cartilla/art/hd/workbook/page-076.webp,color,remastered page-76.webp -> page-076.webp | already present identical | repo already had file; left/updated carefully
C:\Users\EJN\.gemini\antigravity\scratch\cartilla-de-gretel\public\art\remastered\page-77.webp,C:\Users\EJN\Desktop\cartilla-art-from-grok\book-colorized\page-077.webp,public/cartilla/art/hd/workbook/page-077.webp,color,remastered page-77.webp -> page-077.webp | already present identical | repo already had file; left/updated carefully
C:\Users\EJN\.gemini\antigravity\scratch\cartilla-de-gretel\public\art\remastered\page-78.webp,C:\Users\EJN\Desktop\cartilla-art-from-grok\book-colorized\page-078.webp,public/cartilla/art/hd/workbook/page-078.webp,color,remastered page-78.webp -> page-078.webp | already present identical | repo already had file; left/updated carefully
C:\Users\EJN\.gemini\antigravity\scratch\cartilla-de-gretel\public\art\remastered\page-79.webp,C:\Users\EJN\Desktop\cartilla-art-from-grok\book-colorized\page-079.webp,public/cartilla/art/hd/workbook/page-079.webp,color,remastered page-79.webp -> page-079.webp | already present identical | repo already had file; left/updated carefully
C:\Users\EJN\.gemini\antigravity\scratch\cartilla-de-gretel\public\art\remastered\page-80.webp,C:\Users\EJN\Desktop\cartilla-art-from-grok\book-colorized\page-080.webp,public/cartilla/art/hd/workbook/page-080.webp,color,remastered page-80.webp -> page-080.webp | already present identical | repo already had file; left/updated carefully
C:\Users\EJN\.gemini\antigravity\scratch\cartilla-de-gretel\public\art\remastered\page-81.webp,C:\Users\EJN\Desktop\cartilla-art-from-grok\book-colorized\page-081.webp,public/cartilla/art/hd/workbook/page-081.webp,color,remastered page-81.webp -> page-081.webp | already present identical | repo already had file; left/updated carefully
C:\Users\EJN\.gemini\antigravity\scratch\cartilla-de-gretel\public\art\remastered\page-82.webp,C:\Users\EJN\Desktop\cartilla-art-from-grok\book-colorized\page-082.webp,public/cartilla/art/hd/workbook/page-082.webp,color,remastered page-82.webp -> page-082.webp | already present identical | repo already had file; left/updated carefully
C:\Users\EJN\.gemini\antigravity\scratch\cartilla-de-gretel\public\art\remastered\page-83.webp,C:\Users\EJN\Desktop\cartilla-art-from-grok\book-colorized\page-083.webp,public/cartilla/art/hd/workbook/page-083.webp,color,remastered page-83.webp -> page-083.webp | already present identical | repo already had file; left/updated carefully
C:\Users\EJN\.gemini\antigravity\scratch\cartilla-de-gretel\public\art\remastered\page-84.webp,C:\Users\EJN\Desktop\cartilla-art-from-grok\book-colorized\page-084.webp,public/cartilla/art/hd/workbook/page-084.webp,color,remastered page-84.webp -> page-084.webp | already present identical | repo already had file; left/updated carefully
C:\Users\EJN\.gemini\antigravity\scratch\cartilla-de-gretel\public\art\remastered\page-85.webp,C:\Users\EJN\Desktop\cartilla-art-from-grok\book-colorized\page-085.webp,public/cartilla/art/hd/workbook/page-085.webp,color,remastered page-85.webp -> page-085.webp | already present identical | repo already had file; left/updated carefully
C:\Users\EJN\.gemini\antigravity\scratch\cartilla-de-gretel\public\art\remastered\page-86.webp,C:\Users\EJN\Desktop\cartilla-art-from-grok\book-colorized\page-086.webp,public/cartilla/art/hd/workbook/page-086.webp,color,remastered page-86.webp -> page-086.webp | already present identical | repo already had file; left/updated carefully
C:\Users\EJN\.gemini\antigravity\scratch\cartilla-de-gretel\public\art\remastered\page-87.webp,C:\Users\EJN\Desktop\cartilla-art-from-grok\book-colorized\page-087.webp,public/cartilla/art/hd/workbook/page-087.webp,color,remastered page-87.webp -> page-087.webp | already present identical | repo already had file; left/updated carefully
C:\Users\EJN\.gemini\antigravity\scratch\cartilla-de-gretel\public\art\remastered\page-88.webp,C:\Users\EJN\Desktop\cartilla-art-from-grok\book-colorized\page-088.webp,public/cartilla/art/hd/workbook/page-088.webp,color,remastered page-88.webp -> page-088.webp | already present identical | repo already had file; left/updated carefully
C:\Users\EJN\.gemini\antigravity\scratch\cartilla-de-gretel\public\art\remastered\page-89.webp,C:\Users\EJN\Desktop\cartilla-art-from-grok\book-colorized\page-089.webp,public/cartilla/art/hd/workbook/page-089.webp,color,remastered page-89.webp -> page-089.webp | already present identical | repo already had file; left/updated carefully
C:\Users\EJN\.gemini\antigravity\scratch\cartilla-de-gretel\public\art\remastered\page-90.webp,C:\Users\EJN\Desktop\cartilla-art-from-grok\book-colorized\page-090.webp,public/cartilla/art/hd/workbook/page-090.webp,color,remastered page-90.webp -> page-090.webp | already present identical | repo already had file; left/updated carefully
C:\Users\EJN\.gemini\antigravity\scratch\cartilla-de-gretel\public\art\remastered\page-91.webp,C:\Users\EJN\Desktop\cartilla-art-from-grok\book-colorized\page-091.webp,public/cartilla/art/hd/workbook/page-091.webp,color,remastered page-91.webp -> page-091.webp | already present identical | repo already had file; left/updated carefully
C:\Users\EJN\.gemini\antigravity\scratch\cartilla-de-gretel\public\art\remastered\page-92.webp,C:\Users\EJN\Desktop\cartilla-art-from-grok\book-colorized\page-092.webp,public/cartilla/art/hd/workbook/page-092.webp,color,remastered page-92.webp -> page-092.webp | already present identical | repo already had file; left/updated carefully
C:\Users\EJN\.gemini\antigravity\scratch\cartilla-de-gretel\public\cartilla\art\hd\workbook\Flow_202606171952_10_opt.png,C:\Users\EJN\Desktop\cartilla-art-from-grok\book-colorized\flow-colorized-001.png,,color,workbook Flow export Flow_202606171952_10_opt.png | already present identical
C:\Users\EJN\.gemini\antigravity\scratch\cartilla-de-gretel\public\cartilla\art\hd\workbook\Flow_202606171952_11_opt.png,C:\Users\EJN\Desktop\cartilla-art-from-grok\book-colorized\flow-colorized-002.png,,color,workbook Flow export Flow_202606171952_11_opt.png | already present identical
C:\Users\EJN\.gemini\antigravity\scratch\cartilla-de-gretel\public\cartilla\art\hd\workbook\Flow_202606171952_12_opt.png,C:\Users\EJN\Desktop\cartilla-art-from-grok\book-colorized\flow-colorized-003.png,,color,workbook Flow export Flow_202606171952_12_opt.png | already present identical
C:\Users\EJN\.gemini\antigravity\scratch\cartilla-de-gretel\public\cartilla\art\hd\workbook\Flow_202606171952_13_opt.png,C:\Users\EJN\Desktop\cartilla-art-from-grok\book-colorized\flow-colorized-004.png,,color,workbook Flow export Flow_202606171952_13_opt.png | already present identical
C:\Users\EJN\.gemini\antigravity\scratch\cartilla-de-gretel\public\cartilla\art\hd\workbook\Flow_202606171952_14_opt.png,C:\Users\EJN\Desktop\cartilla-art-from-grok\book-colorized\flow-colorized-005.png,,color,workbook Flow export Flow_202606171952_14_opt.png | already present identical
C:\Users\EJN\.gemini\antigravity\scratch\cartilla-de-gretel\public\cartilla\art\hd\workbook\Flow_202606171952_15_opt.png,C:\Users\EJN\Desktop\cartilla-art-from-grok\book-colorized\flow-colorized-006.png,,color,workbook Flow export Flow_202606171952_15_opt.png | already present identical
C:\Users\EJN\.gemini\antigravity\scratch\cartilla-de-gretel\public\cartilla\art\hd\workbook\Flow_202606171952_16_opt.png,C:\Users\EJN\Desktop\cartilla-art-from-grok\book-colorized\flow-colorized-007.png,,color,workbook Flow export Flow_202606171952_16_opt.png | already present identical
C:\Users\EJN\.gemini\antigravity\scratch\cartilla-de-gretel\public\cartilla\art\hd\workbook\Flow_202606171952_17_opt.png,C:\Users\EJN\Desktop\cartilla-art-from-grok\book-colorized\flow-colorized-008.png,,color,workbook Flow export Flow_202606171952_17_opt.png | already present identical
C:\Users\EJN\.gemini\antigravity\scratch\cartilla-de-gretel\public\cartilla\art\hd\workbook\Flow_202606171952_18_opt.png,C:\Users\EJN\Desktop\cartilla-art-from-grok\book-colorized\flow-colorized-009.png,,color,workbook Flow export Flow_202606171952_18_opt.png | already present identical
C:\Users\EJN\.gemini\antigravity\scratch\cartilla-de-gretel\public\cartilla\art\hd\workbook\Flow_202606171952_19_opt.png,C:\Users\EJN\Desktop\cartilla-art-from-grok\book-colorized\flow-colorized-010.png,,color,workbook Flow export Flow_202606171952_19_opt.png | already present identical
C:\Users\EJN\.gemini\antigravity\scratch\cartilla-de-gretel\public\cartilla\art\hd\workbook\Flow_202606171952_20_opt.png,C:\Users\EJN\Desktop\cartilla-art-from-grok\book-colorized\flow-colorized-011.png,,color,workbook Flow export Flow_202606171952_20_opt.png | already present identical
C:\Users\EJN\.gemini\antigravity\scratch\cartilla-de-gretel\public\cartilla\art\hd\workbook\Flow_202606171952_21_opt.png,C:\Users\EJN\Desktop\cartilla-art-from-grok\book-colorized\flow-colorized-012.png,,color,workbook Flow export Flow_202606171952_21_opt.png | already present identical
C:\Users\EJN\.gemini\antigravity\scratch\cartilla-de-gretel\public\cartilla\art\hd\workbook\Flow_202606171952_22_opt.png,C:\Users\EJN\Desktop\cartilla-art-from-grok\book-colorized\flow-colorized-013.png,,color,workbook Flow export Flow_202606171952_22_opt.png | already present identical
C:\Users\EJN\.gemini\antigravity\scratch\cartilla-de-gretel\public\cartilla\art\hd\workbook\Flow_202606171952_23_opt.png,C:\Users\EJN\Desktop\cartilla-art-from-grok\book-colorized\flow-colorized-014.png,,color,workbook Flow export Flow_202606171952_23_opt.png | already present identical
C:\Users\EJN\.gemini\antigravity\scratch\cartilla-de-gretel\public\cartilla\art\hd\workbook\Flow_202606171952_24_opt.png,C:\Users\EJN\Desktop\cartilla-art-from-grok\book-colorized\flow-colorized-015.png,,color,workbook Flow export Flow_202606171952_24_opt.png | already present identical
C:\Users\EJN\.gemini\antigravity\scratch\cartilla-de-gretel\public\cartilla\art\hd\workbook\Flow_202606171952_25_opt.png,C:\Users\EJN\Desktop\cartilla-art-from-grok\book-colorized\flow-colorized-016.png,,color,workbook Flow export Flow_202606171952_25_opt.png | already present identical
C:\Users\EJN\.gemini\antigravity\scratch\cartilla-de-gretel\public\cartilla\art\hd\workbook\Flow_202606171952_26_opt.png,C:\Users\EJN\Desktop\cartilla-art-from-grok\book-colorized\flow-colorized-017.png,,color,workbook Flow export Flow_202606171952_26_opt.png | already present identical
C:\Users\EJN\.gemini\antigravity\scratch\cartilla-de-gretel\public\cartilla\art\hd\workbook\Flow_202606171952_27_opt.png,C:\Users\EJN\Desktop\cartilla-art-from-grok\book-colorized\flow-colorized-018.png,,color,workbook Flow export Flow_202606171952_27_opt.png | already present identical
C:\Users\EJN\.gemini\antigravity\scratch\cartilla-de-gretel\public\cartilla\art\hd\workbook\Flow_202606171952_28_opt.png,C:\Users\EJN\Desktop\cartilla-art-from-grok\book-colorized\flow-colorized-019.png,,color,workbook Flow export Flow_202606171952_28_opt.png | already present identical
C:\Users\EJN\.gemini\antigravity\scratch\cartilla-de-gretel\public\cartilla\art\hd\workbook\Flow_202606171952_29_opt.png,C:\Users\EJN\Desktop\cartilla-art-from-grok\book-colorized\flow-colorized-020.png,,color,workbook Flow export Flow_202606171952_29_opt.png | already present identical
C:\Users\EJN\.gemini\antigravity\scratch\cartilla-de-gretel\public\cartilla\art\hd\workbook\Flow_202606171952_2_opt.png,C:\Users\EJN\Desktop\cartilla-art-from-grok\book-colorized\flow-colorized-021.png,,color,workbook Flow export Flow_202606171952_2_opt.png | already present identical
C:\Users\EJN\.gemini\antigravity\scratch\cartilla-de-gretel\public\cartilla\art\hd\workbook\Flow_202606171952_30_opt.png,C:\Users\EJN\Desktop\cartilla-art-from-grok\book-colorized\flow-colorized-022.png,,color,workbook Flow export Flow_202606171952_30_opt.png | already present identical
C:\Users\EJN\.gemini\antigravity\scratch\cartilla-de-gretel\public\cartilla\art\hd\workbook\Flow_202606171952_31_opt.png,C:\Users\EJN\Desktop\cartilla-art-from-grok\book-colorized\flow-colorized-023.png,,color,workbook Flow export Flow_202606171952_31_opt.png | already present identical
C:\Users\EJN\.gemini\antigravity\scratch\cartilla-de-gretel\public\cartilla\art\hd\workbook\Flow_202606171952_32_opt.png,C:\Users\EJN\Desktop\cartilla-art-from-grok\book-colorized\flow-colorized-024.png,,color,workbook Flow export Flow_202606171952_32_opt.png | already present identical
C:\Users\EJN\.gemini\antigravity\scratch\cartilla-de-gretel\public\cartilla\art\hd\workbook\Flow_202606171952_33_opt.png,C:\Users\EJN\Desktop\cartilla-art-from-grok\book-colorized\flow-colorized-025.png,,color,workbook Flow export Flow_202606171952_33_opt.png | already present identical
C:\Users\EJN\.gemini\antigravity\scratch\cartilla-de-gretel\public\cartilla\art\hd\workbook\Flow_202606171952_34_opt.png,C:\Users\EJN\Desktop\cartilla-art-from-grok\book-colorized\flow-colorized-026.png,,color,workbook Flow export Flow_202606171952_34_opt.png | already present identical
C:\Users\EJN\.gemini\antigravity\scratch\cartilla-de-gretel\public\cartilla\art\hd\workbook\Flow_202606171952_35_opt.png,C:\Users\EJN\Desktop\cartilla-art-from-grok\book-colorized\flow-colorized-027.png,,color,workbook Flow export Flow_202606171952_35_opt.png | already present identical
C:\Users\EJN\.gemini\antigravity\scratch\cartilla-de-gretel\public\cartilla\art\hd\workbook\Flow_202606171952_3_opt.png,C:\Users\EJN\Desktop\cartilla-art-from-grok\book-colorized\flow-colorized-028.png,,color,workbook Flow export Flow_202606171952_3_opt.png | already present identical
C:\Users\EJN\.gemini\antigravity\scratch\cartilla-de-gretel\public\cartilla\art\hd\workbook\Flow_202606171952_4_opt.png,C:\Users\EJN\Desktop\cartilla-art-from-grok\book-colorized\flow-colorized-029.png,,color,workbook Flow export Flow_202606171952_4_opt.png | already present identical
C:\Users\EJN\.gemini\antigravity\scratch\cartilla-de-gretel\public\cartilla\art\hd\workbook\Flow_202606171952_5_opt.png,C:\Users\EJN\Desktop\cartilla-art-from-grok\book-colorized\flow-colorized-030.png,,color,workbook Flow export Flow_202606171952_5_opt.png | already present identical
C:\Users\EJN\.gemini\antigravity\scratch\cartilla-de-gretel\public\cartilla\art\hd\workbook\Flow_202606171952_6_opt.png,C:\Users\EJN\Desktop\cartilla-art-from-grok\book-colorized\flow-colorized-031.png,,color,workbook Flow export Flow_202606171952_6_opt.png | already present identical
C:\Users\EJN\.gemini\antigravity\scratch\cartilla-de-gretel\public\cartilla\art\hd\workbook\Flow_202606171952_7_opt.png,C:\Users\EJN\Desktop\cartilla-art-from-grok\book-colorized\flow-colorized-032.png,,color,workbook Flow export Flow_202606171952_7_opt.png | already present identical
C:\Users\EJN\.gemini\antigravity\scratch\cartilla-de-gretel\public\cartilla\art\hd\workbook\Flow_202606171952_8_opt.png,C:\Users\EJN\Desktop\cartilla-art-from-grok\book-colorized\flow-colorized-033.png,,color,workbook Flow export Flow_202606171952_8_opt.png | already present identical
C:\Users\EJN\.gemini\antigravity\scratch\cartilla-de-gretel\public\cartilla\art\hd\workbook\Flow_202606171952_9_opt.png,C:\Users\EJN\Desktop\cartilla-art-from-grok\book-colorized\flow-colorized-034.png,,color,workbook Flow export Flow_202606171952_9_opt.png | already present identical
C:\Users\EJN\.gemini\antigravity\scratch\cartilla-de-gretel\public\cartilla\art\hd\workbook\Flow_202606171952_opt.png,C:\Users\EJN\Desktop\cartilla-art-from-grok\book-colorized\flow-colorized-035.png,,color,workbook Flow export Flow_202606171952_opt.png | already present identical
C:\Users\EJN\.gemini\antigravity\scratch\cartilla-de-gretel\public\cartilla\art\hd\workbook\Flow_202606181352_10_opt.png,C:\Users\EJN\Desktop\cartilla-art-from-grok\book-colorized\flow-colorized-036.png,,color,workbook Flow export Flow_202606181352_10_opt.png | already present identical
C:\Users\EJN\.gemini\antigravity\scratch\cartilla-de-gretel\public\cartilla\art\hd\workbook\Flow_202606181352_11_opt.png,C:\Users\EJN\Desktop\cartilla-art-from-grok\book-colorized\flow-colorized-037.png,,color,workbook Flow export Flow_202606181352_11_opt.png | already present identical
C:\Users\EJN\.gemini\antigravity\scratch\cartilla-de-gretel\public\cartilla\art\hd\workbook\Flow_202606181352_12_opt.png,C:\Users\EJN\Desktop\cartilla-art-from-grok\book-colorized\flow-colorized-038.png,,color,workbook Flow export Flow_202606181352_12_opt.png | already present identical
C:\Users\EJN\.gemini\antigravity\scratch\cartilla-de-gretel\public\cartilla\art\hd\workbook\Flow_202606181352_13_opt.png,C:\Users\EJN\Desktop\cartilla-art-from-grok\book-colorized\flow-colorized-039.png,,color,workbook Flow export Flow_202606181352_13_opt.png | already present identical
C:\Users\EJN\.gemini\antigravity\scratch\cartilla-de-gretel\public\cartilla\art\hd\workbook\Flow_202606181352_14_opt.png,C:\Users\EJN\Desktop\cartilla-art-from-grok\book-colorized\flow-colorized-040.png,,color,workbook Flow export Flow_202606181352_14_opt.png | already present identical
C:\Users\EJN\.gemini\antigravity\scratch\cartilla-de-gretel\public\cartilla\art\hd\workbook\Flow_202606181352_15_opt.png,C:\Users\EJN\Desktop\cartilla-art-from-grok\book-colorized\flow-colorized-041.png,,color,workbook Flow export Flow_202606181352_15_opt.png | already present identical
C:\Users\EJN\.gemini\antigravity\scratch\cartilla-de-gretel\public\cartilla\art\hd\workbook\Flow_202606181352_16_opt.png,C:\Users\EJN\Desktop\cartilla-art-from-grok\book-colorized\flow-colorized-042.png,,color,workbook Flow export Flow_202606181352_16_opt.png | already present identical
C:\Users\EJN\.gemini\antigravity\scratch\cartilla-de-gretel\public\cartilla\art\hd\workbook\Flow_202606181352_17_opt.png,C:\Users\EJN\Desktop\cartilla-art-from-grok\book-colorized\flow-colorized-043.png,,color,workbook Flow export Flow_202606181352_17_opt.png | already present identical
C:\Users\EJN\.gemini\antigravity\scratch\cartilla-de-gretel\public\cartilla\art\hd\workbook\Flow_202606181352_18_opt.png,C:\Users\EJN\Desktop\cartilla-art-from-grok\book-colorized\flow-colorized-044.png,,color,workbook Flow export Flow_202606181352_18_opt.png | already present identical
C:\Users\EJN\.gemini\antigravity\scratch\cartilla-de-gretel\public\cartilla\art\hd\workbook\Flow_202606181352_19_opt.png,C:\Users\EJN\Desktop\cartilla-art-from-grok\book-colorized\flow-colorized-045.png,,color,workbook Flow export Flow_202606181352_19_opt.png | already present identical
C:\Users\EJN\.gemini\antigravity\scratch\cartilla-de-gretel\public\cartilla\art\hd\workbook\Flow_202606181352_20_opt.png,C:\Users\EJN\Desktop\cartilla-art-from-grok\book-colorized\flow-colorized-046.png,,color,workbook Flow export Flow_202606181352_20_opt.png | already present identical
C:\Users\EJN\.gemini\antigravity\scratch\cartilla-de-gretel\public\cartilla\art\hd\workbook\Flow_202606181352_21_opt.png,C:\Users\EJN\Desktop\cartilla-art-from-grok\book-colorized\flow-colorized-047.png,,color,workbook Flow export Flow_202606181352_21_opt.png | already present identical
C:\Users\EJN\.gemini\antigravity\scratch\cartilla-de-gretel\public\cartilla\art\hd\workbook\Flow_202606181352_22_opt.png,C:\Users\EJN\Desktop\cartilla-art-from-grok\book-colorized\flow-colorized-048.png,,color,workbook Flow export Flow_202606181352_22_opt.png | already present identical
C:\Users\EJN\.gemini\antigravity\scratch\cartilla-de-gretel\public\cartilla\art\hd\workbook\Flow_202606181352_23_opt.png,C:\Users\EJN\Desktop\cartilla-art-from-grok\book-colorized\flow-colorized-049.png,,color,workbook Flow export Flow_202606181352_23_opt.png | already present identical
C:\Users\EJN\.gemini\antigravity\scratch\cartilla-de-gretel\public\cartilla\art\hd\workbook\Flow_202606181352_24_opt.png,C:\Users\EJN\Desktop\cartilla-art-from-grok\book-colorized\flow-colorized-050.png,,color,workbook Flow export Flow_202606181352_24_opt.png | already present identical
C:\Users\EJN\.gemini\antigravity\scratch\cartilla-de-gretel\public\cartilla\art\hd\workbook\Flow_202606181352_25_opt.png,C:\Users\EJN\Desktop\cartilla-art-from-grok\book-colorized\flow-colorized-051.png,,color,workbook Flow export Flow_202606181352_25_opt.png | already present identical
C:\Users\EJN\.gemini\antigravity\scratch\cartilla-de-gretel\public\cartilla\art\hd\workbook\Flow_202606181352_26_opt.png,C:\Users\EJN\Desktop\cartilla-art-from-grok\book-colorized\flow-colorized-052.png,,color,workbook Flow export Flow_202606181352_26_opt.png | already present identical
C:\Users\EJN\.gemini\antigravity\scratch\cartilla-de-gretel\public\cartilla\art\hd\workbook\Flow_202606181352_27_opt.png,C:\Users\EJN\Desktop\cartilla-art-from-grok\book-colorized\flow-colorized-053.png,,color,workbook Flow export Flow_202606181352_27_opt.png | already present identical
C:\Users\EJN\.gemini\antigravity\scratch\cartilla-de-gretel\public\cartilla\art\hd\workbook\Flow_202606181352_28_opt.png,C:\Users\EJN\Desktop\cartilla-art-from-grok\book-colorized\flow-colorized-054.png,,color,workbook Flow export Flow_202606181352_28_opt.png | already present identical
C:\Users\EJN\.gemini\antigravity\scratch\cartilla-de-gretel\public\cartilla\art\hd\workbook\Flow_202606181352_29_opt.png,C:\Users\EJN\Desktop\cartilla-art-from-grok\book-colorized\flow-colorized-055.png,,color,workbook Flow export Flow_202606181352_29_opt.png | already present identical
C:\Users\EJN\.gemini\antigravity\scratch\cartilla-de-gretel\public\cartilla\art\hd\workbook\Flow_202606181352_2_opt.png,C:\Users\EJN\Desktop\cartilla-art-from-grok\book-colorized\flow-colorized-056.png,,color,workbook Flow export Flow_202606181352_2_opt.png | already present identical
C:\Users\EJN\.gemini\antigravity\scratch\cartilla-de-gretel\public\cartilla\art\hd\workbook\Flow_202606181352_30_opt.png,C:\Users\EJN\Desktop\cartilla-art-from-grok\book-colorized\flow-colorized-057.png,,color,workbook Flow export Flow_202606181352_30_opt.png | already present identical
C:\Users\EJN\.gemini\antigravity\scratch\cartilla-de-gretel\public\cartilla\art\hd\workbook\Flow_202606181352_31_opt.png,C:\Users\EJN\Desktop\cartilla-art-from-grok\book-colorized\flow-colorized-058.png,,color,workbook Flow export Flow_202606181352_31_opt.png | already present identical
C:\Users\EJN\.gemini\antigravity\scratch\cartilla-de-gretel\public\cartilla\art\hd\workbook\Flow_202606181352_32_opt.png,C:\Users\EJN\Desktop\cartilla-art-from-grok\book-colorized\flow-colorized-059.png,,color,workbook Flow export Flow_202606181352_32_opt.png | already present identical
C:\Users\EJN\.gemini\antigravity\scratch\cartilla-de-gretel\public\cartilla\art\hd\workbook\Flow_202606181352_33_opt.png,C:\Users\EJN\Desktop\cartilla-art-from-grok\book-colorized\flow-colorized-060.png,,color,workbook Flow export Flow_202606181352_33_opt.png | already present identical
C:\Users\EJN\.gemini\antigravity\scratch\cartilla-de-gretel\public\cartilla\art\hd\workbook\Flow_202606181352_34_opt.png,C:\Users\EJN\Desktop\cartilla-art-from-grok\book-colorized\flow-colorized-061.png,,color,workbook Flow export Flow_202606181352_34_opt.png | already present identical
C:\Users\EJN\.gemini\antigravity\scratch\cartilla-de-gretel\public\cartilla\art\hd\workbook\Flow_202606181352_35_opt.png,C:\Users\EJN\Desktop\cartilla-art-from-grok\book-colorized\flow-colorized-062.png,,color,workbook Flow export Flow_202606181352_35_opt.png | already present identical
C:\Users\EJN\.gemini\antigravity\scratch\cartilla-de-gretel\public\cartilla\art\hd\workbook\Flow_202606181352_3_opt.png,C:\Users\EJN\Desktop\cartilla-art-from-grok\book-colorized\flow-colorized-063.png,,color,workbook Flow export Flow_202606181352_3_opt.png | already present identical
C:\Users\EJN\.gemini\antigravity\scratch\cartilla-de-gretel\public\cartilla\art\hd\workbook\Flow_202606181352_4_opt.png,C:\Users\EJN\Desktop\cartilla-art-from-grok\book-colorized\flow-colorized-064.png,,color,workbook Flow export Flow_202606181352_4_opt.png | already present identical
C:\Users\EJN\.gemini\antigravity\scratch\cartilla-de-gretel\public\cartilla\art\hd\workbook\Flow_202606181352_5_opt.png,C:\Users\EJN\Desktop\cartilla-art-from-grok\book-colorized\flow-colorized-065.png,,color,workbook Flow export Flow_202606181352_5_opt.png | already present identical
C:\Users\EJN\.gemini\antigravity\scratch\cartilla-de-gretel\public\cartilla\art\hd\workbook\Flow_202606181352_6_opt.png,C:\Users\EJN\Desktop\cartilla-art-from-grok\book-colorized\flow-colorized-066.png,,color,workbook Flow export Flow_202606181352_6_opt.png | already present identical
C:\Users\EJN\.gemini\antigravity\scratch\cartilla-de-gretel\public\cartilla\art\hd\workbook\Flow_202606181352_7_opt.png,C:\Users\EJN\Desktop\cartilla-art-from-grok\book-colorized\flow-colorized-067.png,,color,workbook Flow export Flow_202606181352_7_opt.png | already present identical
C:\Users\EJN\.gemini\antigravity\scratch\cartilla-de-gretel\public\cartilla\art\hd\workbook\Flow_202606181352_8_opt.png,C:\Users\EJN\Desktop\cartilla-art-from-grok\book-colorized\flow-colorized-068.png,,color,workbook Flow export Flow_202606181352_8_opt.png | already present identical
C:\Users\EJN\.gemini\antigravity\scratch\cartilla-de-gretel\public\cartilla\art\hd\workbook\Flow_202606181352_9_opt.png,C:\Users\EJN\Desktop\cartilla-art-from-grok\book-colorized\flow-colorized-069.png,,color,workbook Flow export Flow_202606181352_9_opt.png | already present identical
C:\Users\EJN\.gemini\antigravity\scratch\cartilla-de-gretel\public\cartilla\art\hd\workbook\Flow_202606181352_opt.png,C:\Users\EJN\Desktop\cartilla-art-from-grok\book-colorized\flow-colorized-070.png,,color,workbook Flow export Flow_202606181352_opt.png | already present identical
C:\Users\EJN\Downloads\Age Evolution.png,C:\Users\EJN\Desktop\cartilla-art-from-grok\contact-sheets\Age_Evolution.png,,sheet,Downloads candidate - may be unrelated Grok output | already present identical
C:\Users\EJN\Downloads\MAI_9b3b881f0ac6d117.png,C:\Users\EJN\Desktop\cartilla-art-from-grok\contact-sheets\MAI_9b3b881f0ac6d117.png,,sheet,Downloads candidate - may be unrelated Grok output | already present identical
C:\Users\EJN\Downloads\screencapture-localhost-5174-cartilla-leccion-1-2026-07-07-02_11_10.png,C:\Users\EJN\Desktop\cartilla-art-from-grok\contact-sheets\app-screenshot-leccion-1.png,,sheet,app screenshot not art source | already present identical
